"","lhs","","rhs","support","confidence","coverage","lift","count"
"[1]","{sqft_living15=Very large}","=>","{price=Ultra premium}",0.115457617702884,0.581351981351981,0.198601916577936,2.90824088679577,2494
"[2]","{sqft_above=Very large}","=>","{price=Ultra premium}",0.109763436877922,0.550371402042711,0.199435211332809,2.75325906797698,2371
